precision,accuracy,recall,duration
0.9935383799776301,0.9935282387026376,0.9935202234412037,466.09930086135864
